model,split,accuracy,f1_macro,best_epoch,best_val_f1,param_count,trainable_param_count,training_seconds,epochs_run
Plain CNN - no augmentation,val,0.4953125,0.49364643953127096,12,0.49364643953127096,1174696,1174696,147.65895215900002,24
Plain CNN - no augmentation,test,0.484375,0.4786146870507719,12,0.49364643953127096,1174696,1174696,147.65895215900002,24
