model,split,accuracy,f1_macro,best_epoch,best_val_f1,param_count,trainable_param_count,training_seconds,epochs_run
Plain CNN,val,0.5765625,0.570222317646997,161,0.570222317646997,287464,287464,834.562278166,209
Plain CNN,test,0.56625,0.5577731824133749,161,0.570222317646997,287464,287464,834.562278166,209
Plain CNN - Regularisation,val,0.596875,0.5887550051646993,184,0.5887550051646993,287912,287912,1131.8416202260003,232
Plain CNN - Regularisation,test,0.580625,0.5667121723920533,184,0.5887550051646993,287912,287912,1131.8416202260003,232
