cnn_weight,handcrafted_weight,accuracy,f1_macro
0.9,0.09999999999999998,0.63984375,0.6336995219985762
