model,split,accuracy,f1_macro,best_epoch,best_val_f1,param_count,trainable_param_count,training_seconds,epochs_run
ResNet CNN,val,0.55390625,0.5471241114547989,26,0.5471241114547989,1615848,1615848,499.40177919100006,38
ResNet CNN,test,0.54,0.5253651002016752,26,0.5471241114547989,1615848,1615848,499.40177919100006,38
