model,split,accuracy,f1_macro,best_epoch,best_val_f1,param_count,trainable_param_count,training_seconds,epochs_run,source
Moderately Regularised CNN,val,0.571875,0.5624396890293926,51,0.5624396890293926,295656,295656,265.9338497829999,60,2.2 Regularisation ablation
ResNet CNN,val,0.55390625,0.5471241114547989,26,0.5471241114547989,1615848,1615848,499.40177919100006,38,2.3 ResNet CNN
Heavily Regularised CNN,val,0.53203125,0.5092287096522368,51,0.5092287096522368,295656,295656,285.524405321,60,2.2 Regularisation ablation
Plain CNN - no augmentation,val,0.4953125,0.4936464395312709,12,0.4936464395312709,1174696,1174696,147.65895215900002,24,2.1 Plain CNN
