model,split,accuracy,f1_macro,best_epoch,best_val_f1,param_count,trainable_param_count,training_seconds,epochs_run,source
Moderately Regularised CNN,val,0.59453125,0.5868830997959289,90,0.5868830997959289,295656,295656,731.6700883790002,138,2.2 Regularisation ablation
Plain CNN,val,0.56171875,0.5651978623878431,63,0.5651978623878431,1174696,1174696,692.280047774,111,2.1 Plain CNN
ResNet CNN,val,0.5546875,0.5472642011884079,111,0.5472642011884079,222840,222840,772.6657408450001,159,2.3 ResNet CNN
Heavily Regularised CNN,val,0.55234375,0.5352091356243383,90,0.5352091356243383,295656,295656,772.84406804,138,2.2 Regularisation ablation
