model,split,accuracy,f1_macro,best_epoch,best_val_f1,param_count,trainable_param_count,training_seconds,epochs_run
Heavily Regularised CNN,val,0.53203125,0.5092287096522368,51,0.5092287096522368,295656,295656,285.524405321,60
Heavily Regularised CNN,test,0.53125,0.49646645012997775,51,0.5092287096522368,295656,295656,285.524405321,60
Moderately Regularised CNN,val,0.571875,0.5624396890293926,51,0.5624396890293926,295656,295656,265.9338497829999,60
Moderately Regularised CNN,test,0.574375,0.5604797408275684,51,0.5624396890293926,295656,295656,265.9338497829999,60
