label,acc,f1
Balanced CNN,0.578125,0.5628138876337814
Balanced CNN + Mixup,0.589375,0.5667691786944775
