label,acc,f1
Reg. CNN (no Mixup),0.535,0.4978618513993924
Reg. CNN + Mixup,0.535625,0.49054011647226153
